<?xml version="1.0" encoding="UTF-8"?>
<beans xmlns="http://www.springframework.org/schema/beans"
	xmlns:xsi="http://www.w3.org/2001/XMLSchema-instance"
	xsi:schemaLocation="
        http://www.springframework.org/schema/beans http://www.springframework.org/schema/beans/spring-beans.xsd">
        
        

		<bean id="employee" class="core.spring.Employee">
		<constructor-arg index="0" value="shyam"></constructor-arg>
		<constructor-arg index="1" value="Delhi"></constructor-arg>
		
		<!-- <constructor-arg index="0" value="10000"></constructor-arg> -->
		
		</bean>

</beans>
        