<?xml version="1.0" encoding="UTF-8"?>
<beans xmlns="http://www.springframework.org/schema/beans"
	xmlns:xsi="http://www.w3.org/2001/XMLSchema-instance"
	xsi:schemaLocation="
        http://www.springframework.org/schema/beans http://www.springframework.org/schema/beans/spring-beans.xsd">
        
        

		<bean id="employee" class="core.spring.Employee">
		<constructor-arg value="101" type="int" index=""></constructor-arg>
		<constructor-arg value="Shyamjee"></constructor-arg>
		<constructor-arg value="Gurgaon"></constructor-arg>
		</bean>

</beans>
        